First Name,Last Name
Cadie,Moore
Elian,Evans
Adelaide,Owens
Cadie,Russell
Lana,Barnes
Bruce,Murray
Jack,Davis
Brianna,Payne
Eleanor,Scott
Julia,Ferguson
Paul,Stevens
Ada,Dixon
Henry,Brown
Kirsten,Morrison
Sabrina,Morris
Jessica,Chapman
Frederick,Wright
Lyndon,Roberts
Steven,Ross
Cherry,Rogers
Aston,Owens
Robert,Johnston
Arianna,Stevens
Arthur,Williams
Amanda,Henderson
Paige,Bennett
Walter,Hill
Lyndon,Wells
Carl,Ross
Lily,Alexander
Edwin,Edwards
Sam,Crawford
Ryan,Anderson
Kimberly,Carter
Lenny,Mason
Mary,Lloyd
Audrey,Grant
Camila,Johnston
Ada,Myers
Marcus,Harris
Elise,Evans
Miranda,Richardson
Rosie,Kelly
Sawyer,Hall
Luke,Mason
Aiden,Riley
Lana,Morris
Wilson,Martin
Rubie,Moore
Reid,Johnston
Preston,Sullivan
Julian,Ross
Naomi,Johnston
Michael,Myers
Eddy,Dixon
Michelle,Rogers
Mary,Higgins
Oliver,Cunningham
Adrianna,Brown
Henry,Barnes
Kimberly,Clark
John,Watson
Kelsey,Bennett
Charlie,Davis
Charlie,Gray
Violet,Brown
Sophia,Hawkins
Ryan,Kelley
Chloe,Moore
Adam,Kelly
Adam,Richardson
Lucas,Cameron
Cadie,Stevens
Byron,West
Lana,Scott
James,Hamilton
Maddie,Fowler
Fiona,Roberts
Eddy,Harris
Sabrina,Adams
Clark,Elliott
Harold,Grant
Andrew,Fowler
Antony,Crawford
Jasmine,Higgins
Fiona,Cole
Lana,Myers
Rubie,Mason
Edward,Morrison
Audrey,Murphy
Jenna,Hill
Edward,Gibson
Rafael,Ryan
Adison,Barnes
Steven,Gibson
Adrianna,Riley
Preston,Edwards
Reid,Spencer
Emily,Myers
Byron,Cole
Oscar,Mitchell
Amy,Lloyd
Albert,Alexander
Michelle,Payne
Kimberly,Warren
Alan,Morrison
Antony,Hawkins
Hailey,Grant
Aldus,Moore
Jordan,Perkins
Clark,Owens
Henry,Martin
Deanna,Barrett
Sawyer,Reed
Annabella,Baker
Reid,Crawford
Brad,Richards
Brooke,Harper
Emily,Gibson
James,Farrell
Jenna,Carroll
Eddy,Cameron
Ashton,Andrews
Mary,Russell
Gianna,Myers
Agata,Farrell
Tyler,Turner
Henry,Ellis
Violet,Thomas
Julian,Johnston
Julia,Andrews
Owen,Thomas
Adison,Foster
Sabrina,Stewart
Carl,Martin
Harold,Carroll
Stuart,Nelson
Stella,Harper
Thomas,Murray
Byron,Perkins
Nicole,Kelly
Violet,Parker
Cherry,Craig
Maximilian,Martin
Sawyer,Ryan
Daniel,Baker
Ashton,Gibson
Kelvin,Howard
Madaline,Armstrong
Camila,Kelly
Alexia,Martin
Tess,Rogers
Sydney,Spencer
Sophia,Casey
Madaline,Gray
Amelia,Chapman
Penelope,Douglas
Clark,Harper
Penelope,Ross
Abraham,Holmes
Patrick,Douglas
Melanie,Lloyd
Richard,Kelly
Olivia,Thompson
Oliver,West
Tiana,Murray
Justin,Armstrong
Tara,Miller
Freddie,Martin
Frederick,Craig
Amelia,Craig
Byron,Elliott
Aiden,Douglas
Julian,Gray
Eddy,Armstrong
Frederick,Kelley
Evelyn,Johnson
Evelyn,Henderson
William,Thompson
Kimberly,Harper
Max,Walker
Lenny,Parker
Arnold,Edwards
Julia,Sullivan
Albert,Lloyd
Deanna,Roberts
Steven,Cunningham
Alexia,Crawford
Valeria,Farrell
Bruce,Hamilton
Eddy,Allen
Briony,Montgomery
Melanie,Payne
Thomas,Riley
Valeria,Elliott
David,Riley
Amelia,Wright
Melanie,Ellis
Sam,West
Catherine,Richards
